[
  {
    "column_name": "is_foreign_enterprise",
    "data_type": "boolean"
  },
  {
    "column_name": "created_at",
    "data_type": "timestamp without time zone"
  },
  {
    "column_name": "registration_no",
    "data_type": "text"
  },
  {
    "column_name": "tin",
    "data_type": "text"
  },
  {
    "column_name": "legal_name",
    "data_type": "text"
  },
  {
    "column_name": "trading_name",
    "data_type": "text"
  },
  {
    "column_name": "business_type",
    "data_type": "text"
  },
  {
    "column_name": "industry",
    "data_type": "text"
  },
  {
    "column_name": "owner_name",
    "data_type": "text"
  },
  {
    "column_name": "business_id",
    "data_type": "character varying"
  },
  {
    "column_name": "contact_phone",
    "data_type": "text"
  },
  {
    "column_name": "contact_email",
    "data_type": "text"
  },
  {
    "column_name": "physical_address",
    "data_type": "text"
  },
  {
    "column_name": "section",
    "data_type": "text"
  },
  {
    "column_name": "lot",
    "data_type": "text"
  },
  {
    "column_name": "suburb",
    "data_type": "text"
  },
  {
    "column_name": "status",
    "data_type": "text"
  },
  {
    "column_name": "owner_user_id",
    "data_type": "character varying"
  },
  {
    "column_name": "council_id",
    "data_type": "character varying"
  }
]