[
  {
    "column_name": "dob",
    "data_type": "date"
  },
  {
    "column_name": "created_at",
    "data_type": "timestamp without time zone"
  },
  {
    "column_name": "national_id",
    "data_type": "text"
  },
  {
    "column_name": "local_citizen_no",
    "data_type": "text"
  },
  {
    "column_name": "first_name",
    "data_type": "text"
  },
  {
    "column_name": "last_name",
    "data_type": "text"
  },
  {
    "column_name": "sex",
    "data_type": "text"
  },
  {
    "column_name": "phone",
    "data_type": "text"
  },
  {
    "column_name": "email",
    "data_type": "text"
  },
  {
    "column_name": "address",
    "data_type": "text"
  },
  {
    "column_name": "village",
    "data_type": "text"
  },
  {
    "column_name": "district",
    "data_type": "text"
  },
  {
    "column_name": "province",
    "data_type": "text"
  },
  {
    "column_name": "section",
    "data_type": "text"
  },
  {
    "column_name": "lot",
    "data_type": "text"
  },
  {
    "column_name": "block",
    "data_type": "text"
  },
  {
    "column_name": "citizen_id",
    "data_type": "character varying"
  },
  {
    "column_name": "suburb",
    "data_type": "text"
  },
  {
    "column_name": "council_id",
    "data_type": "character varying"
  }
]