[
  {
    "id": "3039e203-0714-4d5c-86dd-9acd1e99081f",
    "licenseName": "ELECTRONIC SHOP",
    "licenseCategory": "TRADE",
    "applicationForm": "FORM.1",
    "description": "License to trade as an electronic shop",
    "createdAt": "2026-01-20T09:41:17.280Z"
  },
  {
    "id": "f948d0d4-f28b-4163-b3c6-f907a6c5d840",
    "licenseName": "GENERAL BUSINESS",
    "licenseCategory": "TRADE",
    "applicationForm": "FORM.1",
    "description": "General business trade license",
    "createdAt": "2026-01-20T09:41:17.293Z"
  },
  {
    "id": "692b0796-76f8-43eb-acfa-4d9472c59535",
    "licenseName": "PLACE OF ENTERTAINMENT",
    "licenseCategory": "ENTERTAINMENT",
    "applicationForm": "FORM.1",
    "description": "License to keep a place of entertainment",
    "createdAt": "2026-01-20T09:41:17.296Z"
  },
  {
    "id": "824aeb14-49d0-4e19-a5a5-dcd81f6a414d",
    "licenseName": "PHARMACY",
    "licenseCategory": "HEALTH",
    "applicationForm": "FORM.1",
    "description": "License to trade as pharmacy",
    "createdAt": "2026-01-20T09:41:17.299Z"
  },
  {
    "id": "97a10043-0a7a-4530-9a3b-f8a5684e6559",
    "licenseName": "SECOND HAND USED CLOTHING",
    "licenseCategory": "TRADE",
    "applicationForm": "FORM.5",
    "description": "Second hand dealers license for used clothing",
    "createdAt": "2026-01-20T09:41:17.301Z"
  },
  {
    "id": "3630246a-9c75-45c0-b429-eca768e8ba03",
    "licenseName": "FUEL DISTRIBUTION/INDUSTRIAL GAS",
    "licenseCategory": "FUEL",
    "applicationForm": "FORM.1",
    "description": "License to trade as fuel distribution/industrial gas",
    "createdAt": "2026-01-20T09:41:17.304Z"
  },
  {
    "id": "ed80198f-9d2d-49be-82f1-8d13f3b91e03",
    "licenseName": "MECHANICAL WORKSHOP",
    "licenseCategory": "INDUSTRIAL",
    "applicationForm": "FORM.1",
    "description": "License to trade as mechanical workshop",
    "createdAt": "2026-01-20T09:41:17.307Z"
  },
  {
    "id": "8b20d5fd-3890-453a-88f1-5f39a3ba8356",
    "licenseName": "MANUFACTURER",
    "licenseCategory": "INDUSTRIAL",
    "applicationForm": "FORM.1",
    "description": "License to trade as manufacturer",
    "createdAt": "2026-01-20T09:41:17.309Z"
  },
  {
    "id": "6c8ca3d6-01c9-42d0-abbe-69fc1d3645aa",
    "licenseName": "FUEL STATION",
    "licenseCategory": "FUEL",
    "applicationForm": "FORM.1",
    "description": "License to trade as fuel station",
    "createdAt": "2026-01-20T09:41:17.312Z"
  },
  {
    "id": "9f564cc0-65c8-4277-9d3a-5585fb57dc3b",
    "licenseName": "TAVERN",
    "licenseCategory": "LIQUOR",
    "applicationForm": "FORM 1",
    "description": "Liquor license - Tavern",
    "createdAt": "2026-01-20T09:41:17.315Z"
  },
  {
    "id": "759ee9bf-5fcc-4300-a1f9-bea1158a08a2",
    "licenseName": "LIMITED HOTEL",
    "licenseCategory": "LIQUOR",
    "applicationForm": "FORM 1",
    "description": "Liquor license - Limited Hotel",
    "createdAt": "2026-01-20T09:41:17.317Z"
  },
  {
    "id": "582f971b-f5c1-481d-be88-13c68df2628d",
    "licenseName": "PACKET (LIQUOR)",
    "licenseCategory": "LIQUOR",
    "applicationForm": "FORM.5",
    "description": "Renewal of liquor license - Packet (sea vessels)",
    "createdAt": "2026-01-20T09:41:17.320Z"
  },
  {
    "id": "1a6d6c6a-382e-48e5-aac0-c63a4152ddd0",
    "licenseName": "PUBLICAN",
    "licenseCategory": "LIQUOR",
    "applicationForm": "FORM 1",
    "description": "Liquor license - Publican",
    "createdAt": "2026-01-20T09:41:17.322Z"
  },
  {
    "id": "feb731e5-e68a-4b8d-8551-cb75cab71492",
    "licenseName": "RESTAURANT",
    "licenseCategory": "LIQUOR",
    "applicationForm": "FORM 7",
    "description": "Liquor license - Restaurant",
    "createdAt": "2026-01-20T09:41:17.324Z"
  },
  {
    "id": "76f2acf3-25b0-4de6-a246-72e11f40b139",
    "licenseName": "STORE KEEPERS",
    "licenseCategory": "LIQUOR",
    "applicationForm": "FORM.3",
    "description": "Liquor license - Store Keepers",
    "createdAt": "2026-01-20T09:41:17.327Z"
  },
  {
    "id": "899bd00f-96d3-43b9-8025-a65815f191fc",
    "licenseName": "BOOTH",
    "licenseCategory": "LIQUOR",
    "applicationForm": "FORM.4",
    "description": "Liquor license - Booth",
    "createdAt": "2026-01-20T09:41:17.329Z"
  },
  {
    "id": "0442a370-8413-4a3e-8c20-81d372fb1899",
    "licenseName": "BOTTLE-SHOP",
    "licenseCategory": "LIQUOR",
    "applicationForm": "FORM 12",
    "description": "Liquor license - Bottle-Shop",
    "createdAt": "2026-01-20T09:41:17.331Z"
  },
  {
    "id": "38eec32b-ea1f-4a60-8244-a635552b9685",
    "licenseName": "CANTEEN",
    "licenseCategory": "LIQUOR",
    "applicationForm": "FORM 12",
    "description": "Liquor license - Canteen",
    "createdAt": "2026-01-20T09:41:17.333Z"
  },
  {
    "id": "07a39f8e-2ef3-40de-bce2-572bd1e08d45",
    "licenseName": "CLUB",
    "licenseCategory": "LIQUOR",
    "applicationForm": "FORM 6",
    "description": "Liquor license - Club",
    "createdAt": "2026-01-20T09:41:17.335Z"
  },
  {
    "id": "926eb276-15e4-4dbd-b397-0520ba13f387",
    "licenseName": "MOTOR VEHICLE DEALER",
    "licenseCategory": "TRADE",
    "applicationForm": "FORM.1",
    "description": "License to trade as motor vehicle dealer",
    "createdAt": "2026-01-20T09:41:17.337Z"
  },
  {
    "id": "ebcef708-32b1-4bc8-a090-c3dff544cfcd",
    "licenseName": "BARBER SHOP",
    "licenseCategory": "SERVICES",
    "applicationForm": "FORM.1",
    "description": "Barber shop license",
    "createdAt": "2026-01-20T09:41:17.339Z"
  }
]