{
  "id": "fe84fcb7-5bfe-4626-8cb0-84bd344b0fdf",
  "prevId": "00000000-0000-0000-0000-000000000000",
  "version": "7",
  "dialect": "postgresql",
  "tables": {
    "public.accounts": {
      "name": "accounts",
      "schema": "",
      "columns": {
        "account_id": {
          "name": "account_id",
          "type": "varchar",
          "primaryKey": true,
          "notNull": true,
          "default": "gen_random_uuid()"
        },
        "council_id": {
          "name": "council_id",
          "type": "varchar",
          "primaryKey": false,
          "notNull": true
        },
        "holder_type": {
          "name": "holder_type",
          "type": "text",
          "primaryKey": false,
          "notNull": true
        },
        "holder_id": {
          "name": "holder_id",
          "type": "varchar",
          "primaryKey": false,
          "notNull": true
        },
        "account_no": {
          "name": "account_no",
          "type": "text",
          "primaryKey": false,
          "notNull": true
        },
        "status": {
          "name": "status",
          "type": "text",
          "primaryKey": false,
          "notNull": true,
          "default": "'active'"
        },
        "created_at": {
          "name": "created_at",
          "type": "timestamp",
          "primaryKey": false,
          "notNull": true,
          "default": "now()"
        }
      },
      "indexes": {},
      "foreignKeys": {},
      "compositePrimaryKeys": {},
      "uniqueConstraints": {},
      "policies": {},
      "checkConstraints": {},
      "isRLSEnabled": false
    },
    "public.assets": {
      "name": "assets",
      "schema": "",
      "columns": {
        "asset_id": {
          "name": "asset_id",
          "type": "varchar",
          "primaryKey": true,
          "notNull": true,
          "default": "gen_random_uuid()"
        },
        "council_id": {
          "name": "council_id",
          "type": "varchar",
          "primaryKey": false,
          "notNull": true
        },
        "asset_no": {
          "name": "asset_no",
          "type": "text",
          "primaryKey": false,
          "notNull": true
        },
        "name": {
          "name": "name",
          "type": "text",
          "primaryKey": false,
          "notNull": true
        },
        "type": {
          "name": "type",
          "type": "text",
          "primaryKey": false,
          "notNull": true
        },
        "location": {
          "name": "location",
          "type": "text",
          "primaryKey": false,
          "notNull": false
        },
        "condition": {
          "name": "condition",
          "type": "text",
          "primaryKey": false,
          "notNull": false
        },
        "value": {
          "name": "value",
          "type": "text",
          "primaryKey": false,
          "notNull": false
        },
        "status": {
          "name": "status",
          "type": "text",
          "primaryKey": false,
          "notNull": false,
          "default": "'active'"
        },
        "created_at": {
          "name": "created_at",
          "type": "timestamp",
          "primaryKey": false,
          "notNull": true,
          "default": "now()"
        }
      },
      "indexes": {},
      "foreignKeys": {},
      "compositePrimaryKeys": {},
      "uniqueConstraints": {},
      "policies": {},
      "checkConstraints": {},
      "isRLSEnabled": false
    },
    "public.audit_logs": {
      "name": "audit_logs",
      "schema": "",
      "columns": {
        "audit_id": {
          "name": "audit_id",
          "type": "varchar",
          "primaryKey": true,
          "notNull": true,
          "default": "gen_random_uuid()"
        },
        "council_id": {
          "name": "council_id",
          "type": "varchar",
          "primaryKey": false,
          "notNull": true
        },
        "user_id": {
          "name": "user_id",
          "type": "varchar",
          "primaryKey": false,
          "notNull": false
        },
        "action": {
          "name": "action",
          "type": "text",
          "primaryKey": false,
          "notNull": true
        },
        "entity_type": {
          "name": "entity_type",
          "type": "text",
          "primaryKey": false,
          "notNull": true
        },
        "entity_id": {
          "name": "entity_id",
          "type": "varchar",
          "primaryKey": false,
          "notNull": false
        },
        "before_state": {
          "name": "before_state",
          "type": "jsonb",
          "primaryKey": false,
          "notNull": false
        },
        "after_state": {
          "name": "after_state",
          "type": "jsonb",
          "primaryKey": false,
          "notNull": false
        },
        "ip_address": {
          "name": "ip_address",
          "type": "text",
          "primaryKey": false,
          "notNull": false
        },
        "created_at": {
          "name": "created_at",
          "type": "timestamp",
          "primaryKey": false,
          "notNull": true,
          "default": "now()"
        }
      },
      "indexes": {},
      "foreignKeys": {},
      "compositePrimaryKeys": {},
      "uniqueConstraints": {},
      "policies": {},
      "checkConstraints": {},
      "isRLSEnabled": false
    },
    "public.business_verification_requests": {
      "name": "business_verification_requests",
      "schema": "",
      "columns": {
        "request_id": {
          "name": "request_id",
          "type": "varchar",
          "primaryKey": true,
          "notNull": true,
          "default": "gen_random_uuid()"
        },
        "business_id": {
          "name": "business_id",
          "type": "varchar",
          "primaryKey": false,
          "notNull": true
        },
        "council_id": {
          "name": "council_id",
          "type": "varchar",
          "primaryKey": false,
          "notNull": true
        },
        "status": {
          "name": "status",
          "type": "text",
          "primaryKey": false,
          "notNull": true,
          "default": "'pending'"
        },
        "submitted_at": {
          "name": "submitted_at",
          "type": "timestamp",
          "primaryKey": false,
          "notNull": true,
          "default": "now()"
        },
        "reviewed_at": {
          "name": "reviewed_at",
          "type": "timestamp",
          "primaryKey": false,
          "notNull": false
        },
        "reviewed_by": {
          "name": "reviewed_by",
          "type": "varchar",
          "primaryKey": false,
          "notNull": false
        },
        "comments": {
          "name": "comments",
          "type": "text",
          "primaryKey": false,
          "notNull": false
        }
      },
      "indexes": {},
      "foreignKeys": {},
      "compositePrimaryKeys": {},
      "uniqueConstraints": {},
      "policies": {},
      "checkConstraints": {},
      "isRLSEnabled": false
    },
    "public.businesses": {
      "name": "businesses",
      "schema": "",
      "columns": {
        "business_id": {
          "name": "business_id",
          "type": "varchar",
          "primaryKey": true,
          "notNull": true,
          "default": "gen_random_uuid()"
        },
        "council_id": {
          "name": "council_id",
          "type": "varchar",
          "primaryKey": false,
          "notNull": true
        },
        "registration_no": {
          "name": "registration_no",
          "type": "text",
          "primaryKey": false,
          "notNull": false
        },
        "tin": {
          "name": "tin",
          "type": "text",
          "primaryKey": false,
          "notNull": false
        },
        "legal_name": {
          "name": "legal_name",
          "type": "text",
          "primaryKey": false,
          "notNull": true
        },
        "trading_name": {
          "name": "trading_name",
          "type": "text",
          "primaryKey": false,
          "notNull": false
        },
        "business_type": {
          "name": "business_type",
          "type": "text",
          "primaryKey": false,
          "notNull": false
        },
        "industry": {
          "name": "industry",
          "type": "text",
          "primaryKey": false,
          "notNull": false
        },
        "owner_name": {
          "name": "owner_name",
          "type": "text",
          "primaryKey": false,
          "notNull": false
        },
        "owner_user_id": {
          "name": "owner_user_id",
          "type": "varchar",
          "primaryKey": false,
          "notNull": false
        },
        "contact_phone": {
          "name": "contact_phone",
          "type": "text",
          "primaryKey": false,
          "notNull": false
        },
        "contact_email": {
          "name": "contact_email",
          "type": "text",
          "primaryKey": false,
          "notNull": false
        },
        "physical_address": {
          "name": "physical_address",
          "type": "text",
          "primaryKey": false,
          "notNull": false
        },
        "latitude": {
          "name": "latitude",
          "type": "real",
          "primaryKey": false,
          "notNull": false
        },
        "longitude": {
          "name": "longitude",
          "type": "real",
          "primaryKey": false,
          "notNull": false
        },
        "section": {
          "name": "section",
          "type": "text",
          "primaryKey": false,
          "notNull": false
        },
        "lot": {
          "name": "lot",
          "type": "text",
          "primaryKey": false,
          "notNull": false
        },
        "block": {
          "name": "block",
          "type": "text",
          "primaryKey": false,
          "notNull": false
        },
        "suburb": {
          "name": "suburb",
          "type": "text",
          "primaryKey": false,
          "notNull": false
        },
        "village": {
          "name": "village",
          "type": "text",
          "primaryKey": false,
          "notNull": false
        },
        "district": {
          "name": "district",
          "type": "text",
          "primaryKey": false,
          "notNull": false
        },
        "province": {
          "name": "province",
          "type": "text",
          "primaryKey": false,
          "notNull": false
        },
        "status": {
          "name": "status",
          "type": "text",
          "primaryKey": false,
          "notNull": false,
          "default": "'pending_verification'"
        },
        "is_foreign_enterprise": {
          "name": "is_foreign_enterprise",
          "type": "boolean",
          "primaryKey": false,
          "notNull": false,
          "default": false
        },
        "created_at": {
          "name": "created_at",
          "type": "timestamp",
          "primaryKey": false,
          "notNull": true,
          "default": "now()"
        }
      },
      "indexes": {},
      "foreignKeys": {},
      "compositePrimaryKeys": {},
      "uniqueConstraints": {},
      "policies": {},
      "checkConstraints": {},
      "isRLSEnabled": false
    },
    "public.checklist_requirements": {
      "name": "checklist_requirements",
      "schema": "",
      "columns": {
        "id": {
          "name": "id",
          "type": "varchar",
          "primaryKey": true,
          "notNull": true,
          "default": "gen_random_uuid()"
        },
        "license_type_id": {
          "name": "license_type_id",
          "type": "varchar",
          "primaryKey": false,
          "notNull": true
        },
        "item_number": {
          "name": "item_number",
          "type": "integer",
          "primaryKey": false,
          "notNull": true
        },
        "document_name": {
          "name": "document_name",
          "type": "text",
          "primaryKey": false,
          "notNull": true
        },
        "responsible_entity": {
          "name": "responsible_entity",
          "type": "text",
          "primaryKey": false,
          "notNull": false
        },
        "requirement_note": {
          "name": "requirement_note",
          "type": "text",
          "primaryKey": false,
          "notNull": false
        },
        "created_at": {
          "name": "created_at",
          "type": "timestamp",
          "primaryKey": false,
          "notNull": true,
          "default": "now()"
        }
      },
      "indexes": {},
      "foreignKeys": {},
      "compositePrimaryKeys": {},
      "uniqueConstraints": {},
      "policies": {},
      "checkConstraints": {},
      "isRLSEnabled": false
    },
    "public.citizens": {
      "name": "citizens",
      "schema": "",
      "columns": {
        "citizen_id": {
          "name": "citizen_id",
          "type": "varchar",
          "primaryKey": true,
          "notNull": true,
          "default": "gen_random_uuid()"
        },
        "council_id": {
          "name": "council_id",
          "type": "varchar",
          "primaryKey": false,
          "notNull": true
        },
        "national_id": {
          "name": "national_id",
          "type": "text",
          "primaryKey": false,
          "notNull": false
        },
        "local_citizen_no": {
          "name": "local_citizen_no",
          "type": "text",
          "primaryKey": false,
          "notNull": false
        },
        "first_name": {
          "name": "first_name",
          "type": "text",
          "primaryKey": false,
          "notNull": true
        },
        "last_name": {
          "name": "last_name",
          "type": "text",
          "primaryKey": false,
          "notNull": true
        },
        "dob": {
          "name": "dob",
          "type": "date",
          "primaryKey": false,
          "notNull": false
        },
        "sex": {
          "name": "sex",
          "type": "text",
          "primaryKey": false,
          "notNull": false
        },
        "phone": {
          "name": "phone",
          "type": "text",
          "primaryKey": false,
          "notNull": false
        },
        "email": {
          "name": "email",
          "type": "text",
          "primaryKey": false,
          "notNull": false
        },
        "address": {
          "name": "address",
          "type": "text",
          "primaryKey": false,
          "notNull": false
        },
        "section": {
          "name": "section",
          "type": "text",
          "primaryKey": false,
          "notNull": false
        },
        "lot": {
          "name": "lot",
          "type": "text",
          "primaryKey": false,
          "notNull": false
        },
        "block": {
          "name": "block",
          "type": "text",
          "primaryKey": false,
          "notNull": false
        },
        "suburb": {
          "name": "suburb",
          "type": "text",
          "primaryKey": false,
          "notNull": false
        },
        "village": {
          "name": "village",
          "type": "text",
          "primaryKey": false,
          "notNull": false
        },
        "district": {
          "name": "district",
          "type": "text",
          "primaryKey": false,
          "notNull": false
        },
        "province": {
          "name": "province",
          "type": "text",
          "primaryKey": false,
          "notNull": false
        },
        "nationality": {
          "name": "nationality",
          "type": "text",
          "primaryKey": false,
          "notNull": false
        },
        "created_at": {
          "name": "created_at",
          "type": "timestamp",
          "primaryKey": false,
          "notNull": true,
          "default": "now()"
        }
      },
      "indexes": {},
      "foreignKeys": {},
      "compositePrimaryKeys": {},
      "uniqueConstraints": {},
      "policies": {},
      "checkConstraints": {},
      "isRLSEnabled": false
    },
    "public.complaint_updates": {
      "name": "complaint_updates",
      "schema": "",
      "columns": {
        "update_id": {
          "name": "update_id",
          "type": "varchar",
          "primaryKey": true,
          "notNull": true,
          "default": "gen_random_uuid()"
        },
        "council_id": {
          "name": "council_id",
          "type": "varchar",
          "primaryKey": false,
          "notNull": true
        },
        "complaint_id": {
          "name": "complaint_id",
          "type": "varchar",
          "primaryKey": false,
          "notNull": true
        },
        "updated_by": {
          "name": "updated_by",
          "type": "varchar",
          "primaryKey": false,
          "notNull": false
        },
        "status": {
          "name": "status",
          "type": "text",
          "primaryKey": false,
          "notNull": false
        },
        "comment": {
          "name": "comment",
          "type": "text",
          "primaryKey": false,
          "notNull": false
        },
        "created_at": {
          "name": "created_at",
          "type": "timestamp",
          "primaryKey": false,
          "notNull": true,
          "default": "now()"
        }
      },
      "indexes": {},
      "foreignKeys": {},
      "compositePrimaryKeys": {},
      "uniqueConstraints": {},
      "policies": {},
      "checkConstraints": {},
      "isRLSEnabled": false
    },
    "public.complaints": {
      "name": "complaints",
      "schema": "",
      "columns": {
        "complaint_id": {
          "name": "complaint_id",
          "type": "varchar",
          "primaryKey": true,
          "notNull": true,
          "default": "gen_random_uuid()"
        },
        "council_id": {
          "name": "council_id",
          "type": "varchar",
          "primaryKey": false,
          "notNull": true
        },
        "complainant_type": {
          "name": "complainant_type",
          "type": "text",
          "primaryKey": false,
          "notNull": false
        },
        "complainant_id": {
          "name": "complainant_id",
          "type": "varchar",
          "primaryKey": false,
          "notNull": false
        },
        "category": {
          "name": "category",
          "type": "text",
          "primaryKey": false,
          "notNull": false
        },
        "status": {
          "name": "status",
          "type": "text",
          "primaryKey": false,
          "notNull": true,
          "default": "'new'"
        },
        "description": {
          "name": "description",
          "type": "text",
          "primaryKey": false,
          "notNull": false
        },
        "latitude": {
          "name": "latitude",
          "type": "numeric(10, 7)",
          "primaryKey": false,
          "notNull": false
        },
        "longitude": {
          "name": "longitude",
          "type": "numeric(10, 7)",
          "primaryKey": false,
          "notNull": false
        },
        "location": {
          "name": "location",
          "type": "text",
          "primaryKey": false,
          "notNull": false
        },
        "created_at": {
          "name": "created_at",
          "type": "timestamp",
          "primaryKey": false,
          "notNull": true,
          "default": "now()"
        }
      },
      "indexes": {},
      "foreignKeys": {},
      "compositePrimaryKeys": {},
      "uniqueConstraints": {},
      "policies": {},
      "checkConstraints": {},
      "isRLSEnabled": false
    },
    "public.council_units": {
      "name": "council_units",
      "schema": "",
      "columns": {
        "unit_id": {
          "name": "unit_id",
          "type": "varchar",
          "primaryKey": true,
          "notNull": true,
          "default": "gen_random_uuid()"
        },
        "council_id": {
          "name": "council_id",
          "type": "varchar",
          "primaryKey": false,
          "notNull": true
        },
        "name": {
          "name": "name",
          "type": "text",
          "primaryKey": false,
          "notNull": true
        },
        "type": {
          "name": "type",
          "type": "text",
          "primaryKey": false,
          "notNull": true
        },
        "parent_unit_id": {
          "name": "parent_unit_id",
          "type": "varchar",
          "primaryKey": false,
          "notNull": false
        }
      },
      "indexes": {},
      "foreignKeys": {},
      "compositePrimaryKeys": {},
      "uniqueConstraints": {},
      "policies": {},
      "checkConstraints": {},
      "isRLSEnabled": false
    },
    "public.councils": {
      "name": "councils",
      "schema": "",
      "columns": {
        "council_id": {
          "name": "council_id",
          "type": "varchar",
          "primaryKey": true,
          "notNull": true,
          "default": "gen_random_uuid()"
        },
        "name": {
          "name": "name",
          "type": "text",
          "primaryKey": false,
          "notNull": true
        },
        "level": {
          "name": "level",
          "type": "text",
          "primaryKey": false,
          "notNull": true
        },
        "country_code": {
          "name": "country_code",
          "type": "char(2)",
          "primaryKey": false,
          "notNull": true,
          "default": "'PG'"
        },
        "currency_code": {
          "name": "currency_code",
          "type": "char(3)",
          "primaryKey": false,
          "notNull": true,
          "default": "'PGK'"
        },
        "timezone": {
          "name": "timezone",
          "type": "text",
          "primaryKey": false,
          "notNull": true,
          "default": "'Pacific/Port_Moresby'"
        },
        "status": {
          "name": "status",
          "type": "text",
          "primaryKey": false,
          "notNull": true,
          "default": "'active'"
        },
        "logo_url": {
          "name": "logo_url",
          "type": "text",
          "primaryKey": false,
          "notNull": false
        },
        "theme_color": {
          "name": "theme_color",
          "type": "text",
          "primaryKey": false,
          "notNull": false,
          "default": "'#EAB308'"
        },
        "font_family": {
          "name": "font_family",
          "type": "text",
          "primaryKey": false,
          "notNull": false,
          "default": "'Inter'"
        },
        "email": {
          "name": "email",
          "type": "text",
          "primaryKey": false,
          "notNull": false
        },
        "phone": {
          "name": "phone",
          "type": "text",
          "primaryKey": false,
          "notNull": false
        },
        "website": {
          "name": "website",
          "type": "text",
          "primaryKey": false,
          "notNull": false
        },
        "address": {
          "name": "address",
          "type": "text",
          "primaryKey": false,
          "notNull": false
        },
        "date_format": {
          "name": "date_format",
          "type": "text",
          "primaryKey": false,
          "notNull": false,
          "default": "'dd/MM/yyyy'"
        },
        "time_format": {
          "name": "time_format",
          "type": "text",
          "primaryKey": false,
          "notNull": false,
          "default": "'HH:mm'"
        },
        "created_at": {
          "name": "created_at",
          "type": "timestamp",
          "primaryKey": false,
          "notNull": true,
          "default": "now()"
        }
      },
      "indexes": {},
      "foreignKeys": {},
      "compositePrimaryKeys": {},
      "uniqueConstraints": {},
      "policies": {},
      "checkConstraints": {},
      "isRLSEnabled": false
    },
    "public.documents": {
      "name": "documents",
      "schema": "",
      "columns": {
        "document_id": {
          "name": "document_id",
          "type": "varchar",
          "primaryKey": true,
          "notNull": true,
          "default": "gen_random_uuid()"
        },
        "council_id": {
          "name": "council_id",
          "type": "varchar",
          "primaryKey": false,
          "notNull": true
        },
        "owner_type": {
          "name": "owner_type",
          "type": "text",
          "primaryKey": false,
          "notNull": true
        },
        "owner_id": {
          "name": "owner_id",
          "type": "varchar",
          "primaryKey": false,
          "notNull": true
        },
        "type": {
          "name": "type",
          "type": "text",
          "primaryKey": false,
          "notNull": true
        },
        "file_name": {
          "name": "file_name",
          "type": "text",
          "primaryKey": false,
          "notNull": true
        },
        "file_path": {
          "name": "file_path",
          "type": "text",
          "primaryKey": false,
          "notNull": true
        },
        "mime_type": {
          "name": "mime_type",
          "type": "text",
          "primaryKey": false,
          "notNull": true
        },
        "file_size": {
          "name": "file_size",
          "type": "integer",
          "primaryKey": false,
          "notNull": true
        },
        "verified": {
          "name": "verified",
          "type": "boolean",
          "primaryKey": false,
          "notNull": false,
          "default": false
        },
        "verified_at": {
          "name": "verified_at",
          "type": "timestamp",
          "primaryKey": false,
          "notNull": false
        },
        "verified_by": {
          "name": "verified_by",
          "type": "varchar",
          "primaryKey": false,
          "notNull": false
        },
        "created_at": {
          "name": "created_at",
          "type": "timestamp",
          "primaryKey": false,
          "notNull": true,
          "default": "now()"
        }
      },
      "indexes": {},
      "foreignKeys": {},
      "compositePrimaryKeys": {},
      "uniqueConstraints": {},
      "policies": {},
      "checkConstraints": {},
      "isRLSEnabled": false
    },
    "public.enforcement_cases": {
      "name": "enforcement_cases",
      "schema": "",
      "columns": {
        "case_id": {
          "name": "case_id",
          "type": "varchar",
          "primaryKey": true,
          "notNull": true,
          "default": "gen_random_uuid()"
        },
        "council_id": {
          "name": "council_id",
          "type": "varchar",
          "primaryKey": false,
          "notNull": true
        },
        "request_id": {
          "name": "request_id",
          "type": "varchar",
          "primaryKey": false,
          "notNull": false
        },
        "case_no": {
          "name": "case_no",
          "type": "text",
          "primaryKey": false,
          "notNull": true
        },
        "type": {
          "name": "type",
          "type": "text",
          "primaryKey": false,
          "notNull": false
        },
        "status": {
          "name": "status",
          "type": "text",
          "primaryKey": false,
          "notNull": false,
          "default": "'open'"
        },
        "offender_type": {
          "name": "offender_type",
          "type": "text",
          "primaryKey": false,
          "notNull": false
        },
        "offender_id": {
          "name": "offender_id",
          "type": "varchar",
          "primaryKey": false,
          "notNull": false
        },
        "description": {
          "name": "description",
          "type": "text",
          "primaryKey": false,
          "notNull": false
        },
        "created_at": {
          "name": "created_at",
          "type": "timestamp",
          "primaryKey": false,
          "notNull": true,
          "default": "now()"
        }
      },
      "indexes": {},
      "foreignKeys": {},
      "compositePrimaryKeys": {},
      "uniqueConstraints": {},
      "policies": {},
      "checkConstraints": {},
      "isRLSEnabled": false
    },
    "public.fee_schedules": {
      "name": "fee_schedules",
      "schema": "",
      "columns": {
        "fee_id": {
          "name": "fee_id",
          "type": "varchar",
          "primaryKey": true,
          "notNull": true,
          "default": "gen_random_uuid()"
        },
        "council_id": {
          "name": "council_id",
          "type": "varchar",
          "primaryKey": false,
          "notNull": true
        },
        "service_id": {
          "name": "service_id",
          "type": "varchar",
          "primaryKey": false,
          "notNull": true
        },
        "name": {
          "name": "name",
          "type": "text",
          "primaryKey": false,
          "notNull": true
        },
        "basis": {
          "name": "basis",
          "type": "text",
          "primaryKey": false,
          "notNull": true
        },
        "amount": {
          "name": "amount",
          "type": "numeric(12, 2)",
          "primaryKey": false,
          "notNull": true
        },
        "currency": {
          "name": "currency",
          "type": "char(3)",
          "primaryKey": false,
          "notNull": true,
          "default": "'PGK'"
        },
        "valid_from": {
          "name": "valid_from",
          "type": "date",
          "primaryKey": false,
          "notNull": true
        },
        "valid_to": {
          "name": "valid_to",
          "type": "date",
          "primaryKey": false,
          "notNull": false
        }
      },
      "indexes": {},
      "foreignKeys": {},
      "compositePrimaryKeys": {},
      "uniqueConstraints": {},
      "policies": {},
      "checkConstraints": {},
      "isRLSEnabled": false
    },
    "public.inspection_evidence": {
      "name": "inspection_evidence",
      "schema": "",
      "columns": {
        "evidence_id": {
          "name": "evidence_id",
          "type": "varchar",
          "primaryKey": true,
          "notNull": true,
          "default": "gen_random_uuid()"
        },
        "council_id": {
          "name": "council_id",
          "type": "varchar",
          "primaryKey": false,
          "notNull": true
        },
        "inspection_id": {
          "name": "inspection_id",
          "type": "varchar",
          "primaryKey": false,
          "notNull": true
        },
        "media_type": {
          "name": "media_type",
          "type": "text",
          "primaryKey": false,
          "notNull": false
        },
        "url": {
          "name": "url",
          "type": "text",
          "primaryKey": false,
          "notNull": false
        },
        "hash": {
          "name": "hash",
          "type": "text",
          "primaryKey": false,
          "notNull": false
        },
        "created_at": {
          "name": "created_at",
          "type": "timestamp",
          "primaryKey": false,
          "notNull": true,
          "default": "now()"
        }
      },
      "indexes": {},
      "foreignKeys": {},
      "compositePrimaryKeys": {},
      "uniqueConstraints": {},
      "policies": {},
      "checkConstraints": {},
      "isRLSEnabled": false
    },
    "public.inspection_findings": {
      "name": "inspection_findings",
      "schema": "",
      "columns": {
        "finding_id": {
          "name": "finding_id",
          "type": "varchar",
          "primaryKey": true,
          "notNull": true,
          "default": "gen_random_uuid()"
        },
        "council_id": {
          "name": "council_id",
          "type": "varchar",
          "primaryKey": false,
          "notNull": true
        },
        "inspection_id": {
          "name": "inspection_id",
          "type": "varchar",
          "primaryKey": false,
          "notNull": true
        },
        "code": {
          "name": "code",
          "type": "text",
          "primaryKey": false,
          "notNull": false
        },
        "severity": {
          "name": "severity",
          "type": "text",
          "primaryKey": false,
          "notNull": false
        },
        "description": {
          "name": "description",
          "type": "text",
          "primaryKey": false,
          "notNull": false
        },
        "corrective_action": {
          "name": "corrective_action",
          "type": "text",
          "primaryKey": false,
          "notNull": false
        },
        "due_date": {
          "name": "due_date",
          "type": "date",
          "primaryKey": false,
          "notNull": false
        }
      },
      "indexes": {},
      "foreignKeys": {},
      "compositePrimaryKeys": {},
      "uniqueConstraints": {},
      "policies": {},
      "checkConstraints": {},
      "isRLSEnabled": false
    },
    "public.inspections": {
      "name": "inspections",
      "schema": "",
      "columns": {
        "inspection_id": {
          "name": "inspection_id",
          "type": "varchar",
          "primaryKey": true,
          "notNull": true,
          "default": "gen_random_uuid()"
        },
        "council_id": {
          "name": "council_id",
          "type": "varchar",
          "primaryKey": false,
          "notNull": true
        },
        "request_id": {
          "name": "request_id",
          "type": "varchar",
          "primaryKey": false,
          "notNull": false
        },
        "inspector_user_id": {
          "name": "inspector_user_id",
          "type": "varchar",
          "primaryKey": false,
          "notNull": false
        },
        "scheduled_at": {
          "name": "scheduled_at",
          "type": "timestamp",
          "primaryKey": false,
          "notNull": false
        },
        "performed_at": {
          "name": "performed_at",
          "type": "timestamp",
          "primaryKey": false,
          "notNull": false
        },
        "result": {
          "name": "result",
          "type": "text",
          "primaryKey": false,
          "notNull": false
        },
        "remarks": {
          "name": "remarks",
          "type": "text",
          "primaryKey": false,
          "notNull": false
        },
        "latitude": {
          "name": "latitude",
          "type": "numeric(10, 7)",
          "primaryKey": false,
          "notNull": false
        },
        "longitude": {
          "name": "longitude",
          "type": "numeric(10, 7)",
          "primaryKey": false,
          "notNull": false
        },
        "created_at": {
          "name": "created_at",
          "type": "timestamp",
          "primaryKey": false,
          "notNull": true,
          "default": "now()"
        }
      },
      "indexes": {},
      "foreignKeys": {},
      "compositePrimaryKeys": {},
      "uniqueConstraints": {},
      "policies": {},
      "checkConstraints": {},
      "isRLSEnabled": false
    },
    "public.invoice_lines": {
      "name": "invoice_lines",
      "schema": "",
      "columns": {
        "line_id": {
          "name": "line_id",
          "type": "varchar",
          "primaryKey": true,
          "notNull": true,
          "default": "gen_random_uuid()"
        },
        "council_id": {
          "name": "council_id",
          "type": "varchar",
          "primaryKey": false,
          "notNull": true
        },
        "invoice_id": {
          "name": "invoice_id",
          "type": "varchar",
          "primaryKey": false,
          "notNull": true
        },
        "description": {
          "name": "description",
          "type": "text",
          "primaryKey": false,
          "notNull": false
        },
        "quantity": {
          "name": "quantity",
          "type": "integer",
          "primaryKey": false,
          "notNull": false,
          "default": 1
        },
        "unit_price": {
          "name": "unit_price",
          "type": "numeric(12, 2)",
          "primaryKey": false,
          "notNull": false
        },
        "line_total": {
          "name": "line_total",
          "type": "numeric(12, 2)",
          "primaryKey": false,
          "notNull": false
        }
      },
      "indexes": {},
      "foreignKeys": {},
      "compositePrimaryKeys": {},
      "uniqueConstraints": {},
      "policies": {},
      "checkConstraints": {},
      "isRLSEnabled": false
    },
    "public.invoices": {
      "name": "invoices",
      "schema": "",
      "columns": {
        "invoice_id": {
          "name": "invoice_id",
          "type": "varchar",
          "primaryKey": true,
          "notNull": true,
          "default": "gen_random_uuid()"
        },
        "council_id": {
          "name": "council_id",
          "type": "varchar",
          "primaryKey": false,
          "notNull": true
        },
        "account_id": {
          "name": "account_id",
          "type": "varchar",
          "primaryKey": false,
          "notNull": true
        },
        "invoice_no": {
          "name": "invoice_no",
          "type": "text",
          "primaryKey": false,
          "notNull": true
        },
        "total_amount": {
          "name": "total_amount",
          "type": "numeric(12, 2)",
          "primaryKey": false,
          "notNull": true
        },
        "currency": {
          "name": "currency",
          "type": "char(3)",
          "primaryKey": false,
          "notNull": true,
          "default": "'PGK'"
        },
        "status": {
          "name": "status",
          "type": "text",
          "primaryKey": false,
          "notNull": true,
          "default": "'draft'"
        },
        "issued_at": {
          "name": "issued_at",
          "type": "timestamp",
          "primaryKey": false,
          "notNull": false
        },
        "due_at": {
          "name": "due_at",
          "type": "timestamp",
          "primaryKey": false,
          "notNull": false
        },
        "created_at": {
          "name": "created_at",
          "type": "timestamp",
          "primaryKey": false,
          "notNull": true,
          "default": "now()"
        }
      },
      "indexes": {},
      "foreignKeys": {},
      "compositePrimaryKeys": {},
      "uniqueConstraints": {},
      "policies": {},
      "checkConstraints": {},
      "isRLSEnabled": false
    },
    "public.licence_renewals": {
      "name": "licence_renewals",
      "schema": "",
      "columns": {
        "renewal_id": {
          "name": "renewal_id",
          "type": "varchar",
          "primaryKey": true,
          "notNull": true,
          "default": "gen_random_uuid()"
        },
        "council_id": {
          "name": "council_id",
          "type": "varchar",
          "primaryKey": false,
          "notNull": true
        },
        "licence_id": {
          "name": "licence_id",
          "type": "varchar",
          "primaryKey": false,
          "notNull": true
        },
        "request_id": {
          "name": "request_id",
          "type": "varchar",
          "primaryKey": false,
          "notNull": false
        },
        "previous_expiry_date": {
          "name": "previous_expiry_date",
          "type": "date",
          "primaryKey": false,
          "notNull": false
        },
        "new_expiry_date": {
          "name": "new_expiry_date",
          "type": "date",
          "primaryKey": false,
          "notNull": false
        },
        "renewed_at": {
          "name": "renewed_at",
          "type": "timestamp",
          "primaryKey": false,
          "notNull": false,
          "default": "now()"
        }
      },
      "indexes": {},
      "foreignKeys": {},
      "compositePrimaryKeys": {},
      "uniqueConstraints": {},
      "policies": {},
      "checkConstraints": {},
      "isRLSEnabled": false
    },
    "public.licences": {
      "name": "licences",
      "schema": "",
      "columns": {
        "licence_id": {
          "name": "licence_id",
          "type": "varchar",
          "primaryKey": true,
          "notNull": true,
          "default": "gen_random_uuid()"
        },
        "council_id": {
          "name": "council_id",
          "type": "varchar",
          "primaryKey": false,
          "notNull": true
        },
        "request_id": {
          "name": "request_id",
          "type": "varchar",
          "primaryKey": false,
          "notNull": true
        },
        "licence_no": {
          "name": "licence_no",
          "type": "text",
          "primaryKey": false,
          "notNull": true
        },
        "issue_date": {
          "name": "issue_date",
          "type": "date",
          "primaryKey": false,
          "notNull": false
        },
        "expiry_date": {
          "name": "expiry_date",
          "type": "date",
          "primaryKey": false,
          "notNull": false
        },
        "status": {
          "name": "status",
          "type": "text",
          "primaryKey": false,
          "notNull": true,
          "default": "'active'"
        },
        "created_at": {
          "name": "created_at",
          "type": "timestamp",
          "primaryKey": false,
          "notNull": true,
          "default": "now()"
        }
      },
      "indexes": {},
      "foreignKeys": {},
      "compositePrimaryKeys": {},
      "uniqueConstraints": {},
      "policies": {},
      "checkConstraints": {},
      "isRLSEnabled": false
    },
    "public.license_types": {
      "name": "license_types",
      "schema": "",
      "columns": {
        "id": {
          "name": "id",
          "type": "varchar",
          "primaryKey": true,
          "notNull": true,
          "default": "gen_random_uuid()"
        },
        "license_name": {
          "name": "license_name",
          "type": "text",
          "primaryKey": false,
          "notNull": true
        },
        "license_category": {
          "name": "license_category",
          "type": "text",
          "primaryKey": false,
          "notNull": true
        },
        "application_form": {
          "name": "application_form",
          "type": "text",
          "primaryKey": false,
          "notNull": false
        },
        "description": {
          "name": "description",
          "type": "text",
          "primaryKey": false,
          "notNull": false
        },
        "created_at": {
          "name": "created_at",
          "type": "timestamp",
          "primaryKey": false,
          "notNull": true,
          "default": "now()"
        }
      },
      "indexes": {},
      "foreignKeys": {},
      "compositePrimaryKeys": {},
      "uniqueConstraints": {},
      "policies": {},
      "checkConstraints": {},
      "isRLSEnabled": false
    },
    "public.location_levels": {
      "name": "location_levels",
      "schema": "",
      "columns": {
        "id": {
          "name": "id",
          "type": "varchar",
          "primaryKey": true,
          "notNull": true,
          "default": "gen_random_uuid()"
        },
        "council_id": {
          "name": "council_id",
          "type": "varchar",
          "primaryKey": false,
          "notNull": true
        },
        "name": {
          "name": "name",
          "type": "text",
          "primaryKey": false,
          "notNull": true
        },
        "level": {
          "name": "level",
          "type": "integer",
          "primaryKey": false,
          "notNull": true
        },
        "description": {
          "name": "description",
          "type": "text",
          "primaryKey": false,
          "notNull": false
        },
        "created_at": {
          "name": "created_at",
          "type": "timestamp",
          "primaryKey": false,
          "notNull": true,
          "default": "now()"
        }
      },
      "indexes": {},
      "foreignKeys": {},
      "compositePrimaryKeys": {},
      "uniqueConstraints": {},
      "policies": {},
      "checkConstraints": {},
      "isRLSEnabled": false
    },
    "public.locations": {
      "name": "locations",
      "schema": "",
      "columns": {
        "id": {
          "name": "id",
          "type": "varchar",
          "primaryKey": true,
          "notNull": true,
          "default": "gen_random_uuid()"
        },
        "council_id": {
          "name": "council_id",
          "type": "varchar",
          "primaryKey": false,
          "notNull": true
        },
        "level_id": {
          "name": "level_id",
          "type": "varchar",
          "primaryKey": false,
          "notNull": true
        },
        "code": {
          "name": "code",
          "type": "text",
          "primaryKey": false,
          "notNull": true
        },
        "parent_id": {
          "name": "parent_id",
          "type": "varchar",
          "primaryKey": false,
          "notNull": false
        },
        "boundary": {
          "name": "boundary",
          "type": "jsonb",
          "primaryKey": false,
          "notNull": false
        },
        "centroid": {
          "name": "centroid",
          "type": "text",
          "primaryKey": false,
          "notNull": false
        },
        "status": {
          "name": "status",
          "type": "text",
          "primaryKey": false,
          "notNull": false,
          "default": "'active'"
        },
        "created_at": {
          "name": "created_at",
          "type": "timestamp",
          "primaryKey": false,
          "notNull": true,
          "default": "now()"
        }
      },
      "indexes": {},
      "foreignKeys": {},
      "compositePrimaryKeys": {},
      "uniqueConstraints": {},
      "policies": {},
      "checkConstraints": {},
      "isRLSEnabled": false
    },
    "public.markets": {
      "name": "markets",
      "schema": "",
      "columns": {
        "market_id": {
          "name": "market_id",
          "type": "varchar",
          "primaryKey": true,
          "notNull": true,
          "default": "gen_random_uuid()"
        },
        "council_id": {
          "name": "council_id",
          "type": "varchar",
          "primaryKey": false,
          "notNull": true
        },
        "name": {
          "name": "name",
          "type": "text",
          "primaryKey": false,
          "notNull": true
        },
        "location": {
          "name": "location",
          "type": "text",
          "primaryKey": false,
          "notNull": false
        },
        "capacity": {
          "name": "capacity",
          "type": "integer",
          "primaryKey": false,
          "notNull": false
        },
        "operating_hours": {
          "name": "operating_hours",
          "type": "text",
          "primaryKey": false,
          "notNull": false
        },
        "status": {
          "name": "status",
          "type": "text",
          "primaryKey": false,
          "notNull": false,
          "default": "'active'"
        },
        "created_at": {
          "name": "created_at",
          "type": "timestamp",
          "primaryKey": false,
          "notNull": true,
          "default": "now()"
        }
      },
      "indexes": {},
      "foreignKeys": {},
      "compositePrimaryKeys": {},
      "uniqueConstraints": {},
      "policies": {},
      "checkConstraints": {},
      "isRLSEnabled": false
    },
    "public.notices": {
      "name": "notices",
      "schema": "",
      "columns": {
        "notice_id": {
          "name": "notice_id",
          "type": "varchar",
          "primaryKey": true,
          "notNull": true,
          "default": "gen_random_uuid()"
        },
        "council_id": {
          "name": "council_id",
          "type": "varchar",
          "primaryKey": false,
          "notNull": true
        },
        "case_id": {
          "name": "case_id",
          "type": "varchar",
          "primaryKey": false,
          "notNull": true
        },
        "notice_no": {
          "name": "notice_no",
          "type": "text",
          "primaryKey": false,
          "notNull": true
        },
        "notice_type": {
          "name": "notice_type",
          "type": "text",
          "primaryKey": false,
          "notNull": false
        },
        "issued_date": {
          "name": "issued_date",
          "type": "date",
          "primaryKey": false,
          "notNull": false
        },
        "compliance_due": {
          "name": "compliance_due",
          "type": "date",
          "primaryKey": false,
          "notNull": false
        },
        "details": {
          "name": "details",
          "type": "text",
          "primaryKey": false,
          "notNull": false
        },
        "status": {
          "name": "status",
          "type": "text",
          "primaryKey": false,
          "notNull": false,
          "default": "'issued'"
        },
        "created_at": {
          "name": "created_at",
          "type": "timestamp",
          "primaryKey": false,
          "notNull": true,
          "default": "now()"
        }
      },
      "indexes": {},
      "foreignKeys": {},
      "compositePrimaryKeys": {},
      "uniqueConstraints": {},
      "policies": {},
      "checkConstraints": {},
      "isRLSEnabled": false
    },
    "public.notifications": {
      "name": "notifications",
      "schema": "",
      "columns": {
        "notification_id": {
          "name": "notification_id",
          "type": "varchar",
          "primaryKey": true,
          "notNull": true,
          "default": "gen_random_uuid()"
        },
        "council_id": {
          "name": "council_id",
          "type": "varchar",
          "primaryKey": false,
          "notNull": true
        },
        "user_id": {
          "name": "user_id",
          "type": "varchar",
          "primaryKey": false,
          "notNull": true
        },
        "type": {
          "name": "type",
          "type": "text",
          "primaryKey": false,
          "notNull": true
        },
        "title": {
          "name": "title",
          "type": "text",
          "primaryKey": false,
          "notNull": true
        },
        "message": {
          "name": "message",
          "type": "text",
          "primaryKey": false,
          "notNull": true
        },
        "reference_type": {
          "name": "reference_type",
          "type": "text",
          "primaryKey": false,
          "notNull": false
        },
        "reference_id": {
          "name": "reference_id",
          "type": "varchar",
          "primaryKey": false,
          "notNull": false
        },
        "read": {
          "name": "read",
          "type": "boolean",
          "primaryKey": false,
          "notNull": false,
          "default": false
        },
        "created_at": {
          "name": "created_at",
          "type": "timestamp",
          "primaryKey": false,
          "notNull": true,
          "default": "now()"
        }
      },
      "indexes": {},
      "foreignKeys": {},
      "compositePrimaryKeys": {},
      "uniqueConstraints": {},
      "policies": {},
      "checkConstraints": {},
      "isRLSEnabled": false
    },
    "public.otp_verifications": {
      "name": "otp_verifications",
      "schema": "",
      "columns": {
        "id": {
          "name": "id",
          "type": "varchar",
          "primaryKey": true,
          "notNull": true,
          "default": "gen_random_uuid()"
        },
        "identifier": {
          "name": "identifier",
          "type": "text",
          "primaryKey": false,
          "notNull": true
        },
        "code": {
          "name": "code",
          "type": "text",
          "primaryKey": false,
          "notNull": true
        },
        "type": {
          "name": "type",
          "type": "text",
          "primaryKey": false,
          "notNull": true
        },
        "expires_at": {
          "name": "expires_at",
          "type": "timestamp",
          "primaryKey": false,
          "notNull": true
        },
        "verified": {
          "name": "verified",
          "type": "boolean",
          "primaryKey": false,
          "notNull": false,
          "default": false
        },
        "created_at": {
          "name": "created_at",
          "type": "timestamp",
          "primaryKey": false,
          "notNull": true,
          "default": "now()"
        }
      },
      "indexes": {},
      "foreignKeys": {},
      "compositePrimaryKeys": {},
      "uniqueConstraints": {},
      "policies": {},
      "checkConstraints": {},
      "isRLSEnabled": false
    },
    "public.payment_allocations": {
      "name": "payment_allocations",
      "schema": "",
      "columns": {
        "allocation_id": {
          "name": "allocation_id",
          "type": "varchar",
          "primaryKey": true,
          "notNull": true,
          "default": "gen_random_uuid()"
        },
        "council_id": {
          "name": "council_id",
          "type": "varchar",
          "primaryKey": false,
          "notNull": true
        },
        "payment_id": {
          "name": "payment_id",
          "type": "varchar",
          "primaryKey": false,
          "notNull": true
        },
        "invoice_id": {
          "name": "invoice_id",
          "type": "varchar",
          "primaryKey": false,
          "notNull": true
        },
        "allocated_amount": {
          "name": "allocated_amount",
          "type": "numeric(12, 2)",
          "primaryKey": false,
          "notNull": true
        }
      },
      "indexes": {},
      "foreignKeys": {},
      "compositePrimaryKeys": {},
      "uniqueConstraints": {},
      "policies": {},
      "checkConstraints": {},
      "isRLSEnabled": false
    },
    "public.payments": {
      "name": "payments",
      "schema": "",
      "columns": {
        "payment_id": {
          "name": "payment_id",
          "type": "varchar",
          "primaryKey": true,
          "notNull": true,
          "default": "gen_random_uuid()"
        },
        "council_id": {
          "name": "council_id",
          "type": "varchar",
          "primaryKey": false,
          "notNull": true
        },
        "account_id": {
          "name": "account_id",
          "type": "varchar",
          "primaryKey": false,
          "notNull": true
        },
        "payment_ref": {
          "name": "payment_ref",
          "type": "text",
          "primaryKey": false,
          "notNull": true
        },
        "amount": {
          "name": "amount",
          "type": "numeric(12, 2)",
          "primaryKey": false,
          "notNull": true
        },
        "currency": {
          "name": "currency",
          "type": "char(3)",
          "primaryKey": false,
          "notNull": true,
          "default": "'PGK'"
        },
        "method": {
          "name": "method",
          "type": "text",
          "primaryKey": false,
          "notNull": true
        },
        "provider": {
          "name": "provider",
          "type": "text",
          "primaryKey": false,
          "notNull": false
        },
        "status": {
          "name": "status",
          "type": "text",
          "primaryKey": false,
          "notNull": true,
          "default": "'pending'"
        },
        "paid_at": {
          "name": "paid_at",
          "type": "timestamp",
          "primaryKey": false,
          "notNull": false
        },
        "created_at": {
          "name": "created_at",
          "type": "timestamp",
          "primaryKey": false,
          "notNull": true,
          "default": "now()"
        }
      },
      "indexes": {},
      "foreignKeys": {},
      "compositePrimaryKeys": {},
      "uniqueConstraints": {},
      "policies": {},
      "checkConstraints": {},
      "isRLSEnabled": false
    },
    "public.permissions": {
      "name": "permissions",
      "schema": "",
      "columns": {
        "permission_code": {
          "name": "permission_code",
          "type": "text",
          "primaryKey": true,
          "notNull": true
        },
        "description": {
          "name": "description",
          "type": "text",
          "primaryKey": false,
          "notNull": true
        }
      },
      "indexes": {},
      "foreignKeys": {},
      "compositePrimaryKeys": {},
      "uniqueConstraints": {},
      "policies": {},
      "checkConstraints": {},
      "isRLSEnabled": false
    },
    "public.properties": {
      "name": "properties",
      "schema": "",
      "columns": {
        "property_id": {
          "name": "property_id",
          "type": "varchar",
          "primaryKey": true,
          "notNull": true,
          "default": "gen_random_uuid()"
        },
        "council_id": {
          "name": "council_id",
          "type": "varchar",
          "primaryKey": false,
          "notNull": true
        },
        "parcel_id": {
          "name": "parcel_id",
          "type": "text",
          "primaryKey": false,
          "notNull": false
        },
        "section": {
          "name": "section",
          "type": "text",
          "primaryKey": false,
          "notNull": false
        },
        "lot": {
          "name": "lot",
          "type": "text",
          "primaryKey": false,
          "notNull": false
        },
        "allotment": {
          "name": "allotment",
          "type": "text",
          "primaryKey": false,
          "notNull": false
        },
        "suburb": {
          "name": "suburb",
          "type": "text",
          "primaryKey": false,
          "notNull": false
        },
        "district": {
          "name": "district",
          "type": "text",
          "primaryKey": false,
          "notNull": false
        },
        "land_type": {
          "name": "land_type",
          "type": "text",
          "primaryKey": false,
          "notNull": false
        },
        "title_number": {
          "name": "title_number",
          "type": "text",
          "primaryKey": false,
          "notNull": false
        },
        "owner_name": {
          "name": "owner_name",
          "type": "text",
          "primaryKey": false,
          "notNull": false
        },
        "owner_type": {
          "name": "owner_type",
          "type": "text",
          "primaryKey": false,
          "notNull": false
        },
        "land_area": {
          "name": "land_area",
          "type": "text",
          "primaryKey": false,
          "notNull": false
        },
        "zoning": {
          "name": "zoning",
          "type": "text",
          "primaryKey": false,
          "notNull": false
        },
        "rateable_value": {
          "name": "rateable_value",
          "type": "numeric(12, 2)",
          "primaryKey": false,
          "notNull": false
        },
        "coordinates": {
          "name": "coordinates",
          "type": "text",
          "primaryKey": false,
          "notNull": false
        },
        "status": {
          "name": "status",
          "type": "text",
          "primaryKey": false,
          "notNull": false,
          "default": "'active'"
        },
        "created_at": {
          "name": "created_at",
          "type": "timestamp",
          "primaryKey": false,
          "notNull": true,
          "default": "now()"
        }
      },
      "indexes": {},
      "foreignKeys": {},
      "compositePrimaryKeys": {},
      "uniqueConstraints": {},
      "policies": {},
      "checkConstraints": {},
      "isRLSEnabled": false
    },
    "public.rate_assessments": {
      "name": "rate_assessments",
      "schema": "",
      "columns": {
        "assessment_id": {
          "name": "assessment_id",
          "type": "varchar",
          "primaryKey": true,
          "notNull": true,
          "default": "gen_random_uuid()"
        },
        "council_id": {
          "name": "council_id",
          "type": "varchar",
          "primaryKey": false,
          "notNull": true
        },
        "property_id": {
          "name": "property_id",
          "type": "varchar",
          "primaryKey": false,
          "notNull": true
        },
        "assessment_year": {
          "name": "assessment_year",
          "type": "integer",
          "primaryKey": false,
          "notNull": true
        },
        "rateable_value": {
          "name": "rateable_value",
          "type": "numeric(12, 2)",
          "primaryKey": false,
          "notNull": false
        },
        "rate_amount": {
          "name": "rate_amount",
          "type": "numeric(12, 2)",
          "primaryKey": false,
          "notNull": false
        },
        "status": {
          "name": "status",
          "type": "text",
          "primaryKey": false,
          "notNull": false,
          "default": "'pending'"
        },
        "created_at": {
          "name": "created_at",
          "type": "timestamp",
          "primaryKey": false,
          "notNull": true,
          "default": "now()"
        }
      },
      "indexes": {},
      "foreignKeys": {},
      "compositePrimaryKeys": {},
      "uniqueConstraints": {},
      "policies": {},
      "checkConstraints": {},
      "isRLSEnabled": false
    },
    "public.role_permissions": {
      "name": "role_permissions",
      "schema": "",
      "columns": {
        "role_id": {
          "name": "role_id",
          "type": "varchar",
          "primaryKey": false,
          "notNull": true
        },
        "permission_code": {
          "name": "permission_code",
          "type": "text",
          "primaryKey": false,
          "notNull": true
        }
      },
      "indexes": {},
      "foreignKeys": {},
      "compositePrimaryKeys": {},
      "uniqueConstraints": {},
      "policies": {},
      "checkConstraints": {},
      "isRLSEnabled": false
    },
    "public.roles": {
      "name": "roles",
      "schema": "",
      "columns": {
        "role_id": {
          "name": "role_id",
          "type": "varchar",
          "primaryKey": true,
          "notNull": true,
          "default": "gen_random_uuid()"
        },
        "council_id": {
          "name": "council_id",
          "type": "varchar",
          "primaryKey": false,
          "notNull": true
        },
        "name": {
          "name": "name",
          "type": "text",
          "primaryKey": false,
          "notNull": true
        },
        "scope": {
          "name": "scope",
          "type": "text",
          "primaryKey": false,
          "notNull": true,
          "default": "'council'"
        }
      },
      "indexes": {},
      "foreignKeys": {},
      "compositePrimaryKeys": {},
      "uniqueConstraints": {},
      "policies": {},
      "checkConstraints": {},
      "isRLSEnabled": false
    },
    "public.service_requests": {
      "name": "service_requests",
      "schema": "",
      "columns": {
        "request_id": {
          "name": "request_id",
          "type": "varchar",
          "primaryKey": true,
          "notNull": true,
          "default": "gen_random_uuid()"
        },
        "council_id": {
          "name": "council_id",
          "type": "varchar",
          "primaryKey": false,
          "notNull": true
        },
        "service_id": {
          "name": "service_id",
          "type": "varchar",
          "primaryKey": false,
          "notNull": true
        },
        "requester_type": {
          "name": "requester_type",
          "type": "text",
          "primaryKey": false,
          "notNull": true
        },
        "requester_id": {
          "name": "requester_id",
          "type": "varchar",
          "primaryKey": false,
          "notNull": true
        },
        "status": {
          "name": "status",
          "type": "text",
          "primaryKey": false,
          "notNull": true,
          "default": "'draft'"
        },
        "channel": {
          "name": "channel",
          "type": "text",
          "primaryKey": false,
          "notNull": true,
          "default": "'web'"
        },
        "form_data": {
          "name": "form_data",
          "type": "jsonb",
          "primaryKey": false,
          "notNull": false
        },
        "processing_data": {
          "name": "processing_data",
          "type": "jsonb",
          "primaryKey": false,
          "notNull": false
        },
        "request_ref": {
          "name": "request_ref",
          "type": "text",
          "primaryKey": false,
          "notNull": false
        },
        "submitted_at": {
          "name": "submitted_at",
          "type": "timestamp",
          "primaryKey": false,
          "notNull": false
        },
        "created_at": {
          "name": "created_at",
          "type": "timestamp",
          "primaryKey": false,
          "notNull": true,
          "default": "now()"
        }
      },
      "indexes": {},
      "foreignKeys": {},
      "compositePrimaryKeys": {},
      "uniqueConstraints": {},
      "policies": {},
      "checkConstraints": {},
      "isRLSEnabled": false
    },
    "public.services": {
      "name": "services",
      "schema": "",
      "columns": {
        "service_id": {
          "name": "service_id",
          "type": "varchar",
          "primaryKey": true,
          "notNull": true,
          "default": "gen_random_uuid()"
        },
        "council_id": {
          "name": "council_id",
          "type": "varchar",
          "primaryKey": false,
          "notNull": true
        },
        "code": {
          "name": "code",
          "type": "text",
          "primaryKey": false,
          "notNull": true
        },
        "name": {
          "name": "name",
          "type": "text",
          "primaryKey": false,
          "notNull": true
        },
        "category": {
          "name": "category",
          "type": "text",
          "primaryKey": false,
          "notNull": true
        },
        "description": {
          "name": "description",
          "type": "text",
          "primaryKey": false,
          "notNull": false
        },
        "requires_inspection": {
          "name": "requires_inspection",
          "type": "boolean",
          "primaryKey": false,
          "notNull": false,
          "default": false
        },
        "requires_approval": {
          "name": "requires_approval",
          "type": "boolean",
          "primaryKey": false,
          "notNull": false,
          "default": true
        },
        "active": {
          "name": "active",
          "type": "boolean",
          "primaryKey": false,
          "notNull": false,
          "default": true
        },
        "created_at": {
          "name": "created_at",
          "type": "timestamp",
          "primaryKey": false,
          "notNull": true,
          "default": "now()"
        }
      },
      "indexes": {},
      "foreignKeys": {},
      "compositePrimaryKeys": {},
      "uniqueConstraints": {},
      "policies": {},
      "checkConstraints": {},
      "isRLSEnabled": false
    },
    "public.special_requirements": {
      "name": "special_requirements",
      "schema": "",
      "columns": {
        "id": {
          "name": "id",
          "type": "varchar",
          "primaryKey": true,
          "notNull": true,
          "default": "gen_random_uuid()"
        },
        "license_type_id": {
          "name": "license_type_id",
          "type": "varchar",
          "primaryKey": false,
          "notNull": true
        },
        "requirement_name": {
          "name": "requirement_name",
          "type": "text",
          "primaryKey": false,
          "notNull": true
        },
        "issuing_authority": {
          "name": "issuing_authority",
          "type": "text",
          "primaryKey": false,
          "notNull": false
        },
        "description": {
          "name": "description",
          "type": "text",
          "primaryKey": false,
          "notNull": false
        },
        "created_at": {
          "name": "created_at",
          "type": "timestamp",
          "primaryKey": false,
          "notNull": true,
          "default": "now()"
        }
      },
      "indexes": {},
      "foreignKeys": {},
      "compositePrimaryKeys": {},
      "uniqueConstraints": {},
      "policies": {},
      "checkConstraints": {},
      "isRLSEnabled": false
    },
    "public.stalls": {
      "name": "stalls",
      "schema": "",
      "columns": {
        "stall_id": {
          "name": "stall_id",
          "type": "varchar",
          "primaryKey": true,
          "notNull": true,
          "default": "gen_random_uuid()"
        },
        "council_id": {
          "name": "council_id",
          "type": "varchar",
          "primaryKey": false,
          "notNull": true
        },
        "market_id": {
          "name": "market_id",
          "type": "varchar",
          "primaryKey": false,
          "notNull": true
        },
        "stall_no": {
          "name": "stall_no",
          "type": "text",
          "primaryKey": false,
          "notNull": true
        },
        "category": {
          "name": "category",
          "type": "text",
          "primaryKey": false,
          "notNull": false
        },
        "size": {
          "name": "size",
          "type": "text",
          "primaryKey": false,
          "notNull": false
        },
        "daily_rate": {
          "name": "daily_rate",
          "type": "numeric(10, 2)",
          "primaryKey": false,
          "notNull": false
        },
        "monthly_rate": {
          "name": "monthly_rate",
          "type": "numeric(10, 2)",
          "primaryKey": false,
          "notNull": false
        },
        "status": {
          "name": "status",
          "type": "text",
          "primaryKey": false,
          "notNull": false,
          "default": "'available'"
        },
        "current_tenant_id": {
          "name": "current_tenant_id",
          "type": "varchar",
          "primaryKey": false,
          "notNull": false
        },
        "created_at": {
          "name": "created_at",
          "type": "timestamp",
          "primaryKey": false,
          "notNull": true,
          "default": "now()"
        }
      },
      "indexes": {},
      "foreignKeys": {},
      "compositePrimaryKeys": {},
      "uniqueConstraints": {},
      "policies": {},
      "checkConstraints": {},
      "isRLSEnabled": false
    },
    "public.user_roles": {
      "name": "user_roles",
      "schema": "",
      "columns": {
        "user_id": {
          "name": "user_id",
          "type": "varchar",
          "primaryKey": false,
          "notNull": true
        },
        "role_id": {
          "name": "role_id",
          "type": "varchar",
          "primaryKey": false,
          "notNull": true
        },
        "assigned_at": {
          "name": "assigned_at",
          "type": "timestamp",
          "primaryKey": false,
          "notNull": false,
          "default": "now()"
        }
      },
      "indexes": {},
      "foreignKeys": {},
      "compositePrimaryKeys": {},
      "uniqueConstraints": {},
      "policies": {},
      "checkConstraints": {},
      "isRLSEnabled": false
    },
    "public.users": {
      "name": "users",
      "schema": "",
      "columns": {
        "user_id": {
          "name": "user_id",
          "type": "varchar",
          "primaryKey": true,
          "notNull": true,
          "default": "gen_random_uuid()"
        },
        "council_id": {
          "name": "council_id",
          "type": "varchar",
          "primaryKey": false,
          "notNull": true
        },
        "unit_id": {
          "name": "unit_id",
          "type": "varchar",
          "primaryKey": false,
          "notNull": false
        },
        "full_name": {
          "name": "full_name",
          "type": "text",
          "primaryKey": false,
          "notNull": true
        },
        "email": {
          "name": "email",
          "type": "text",
          "primaryKey": false,
          "notNull": true
        },
        "phone": {
          "name": "phone",
          "type": "text",
          "primaryKey": false,
          "notNull": false
        },
        "password_hash": {
          "name": "password_hash",
          "type": "text",
          "primaryKey": false,
          "notNull": true
        },
        "status": {
          "name": "status",
          "type": "text",
          "primaryKey": false,
          "notNull": true,
          "default": "'active'"
        },
        "mfa_enabled": {
          "name": "mfa_enabled",
          "type": "boolean",
          "primaryKey": false,
          "notNull": false,
          "default": false
        },
        "last_login_at": {
          "name": "last_login_at",
          "type": "timestamp",
          "primaryKey": false,
          "notNull": false
        },
        "created_at": {
          "name": "created_at",
          "type": "timestamp",
          "primaryKey": false,
          "notNull": true,
          "default": "now()"
        }
      },
      "indexes": {},
      "foreignKeys": {},
      "compositePrimaryKeys": {},
      "uniqueConstraints": {},
      "policies": {},
      "checkConstraints": {},
      "isRLSEnabled": false
    },
    "public.workflow_definitions": {
      "name": "workflow_definitions",
      "schema": "",
      "columns": {
        "workflow_id": {
          "name": "workflow_id",
          "type": "varchar",
          "primaryKey": true,
          "notNull": true,
          "default": "gen_random_uuid()"
        },
        "council_id": {
          "name": "council_id",
          "type": "varchar",
          "primaryKey": false,
          "notNull": true
        },
        "service_id": {
          "name": "service_id",
          "type": "varchar",
          "primaryKey": false,
          "notNull": true
        },
        "version": {
          "name": "version",
          "type": "text",
          "primaryKey": false,
          "notNull": true,
          "default": "'1.0'"
        },
        "active": {
          "name": "active",
          "type": "boolean",
          "primaryKey": false,
          "notNull": false,
          "default": true
        },
        "created_at": {
          "name": "created_at",
          "type": "timestamp",
          "primaryKey": false,
          "notNull": true,
          "default": "now()"
        }
      },
      "indexes": {},
      "foreignKeys": {},
      "compositePrimaryKeys": {},
      "uniqueConstraints": {},
      "policies": {},
      "checkConstraints": {},
      "isRLSEnabled": false
    },
    "public.workflow_instances": {
      "name": "workflow_instances",
      "schema": "",
      "columns": {
        "instance_id": {
          "name": "instance_id",
          "type": "varchar",
          "primaryKey": true,
          "notNull": true,
          "default": "gen_random_uuid()"
        },
        "council_id": {
          "name": "council_id",
          "type": "varchar",
          "primaryKey": false,
          "notNull": true
        },
        "request_id": {
          "name": "request_id",
          "type": "varchar",
          "primaryKey": false,
          "notNull": true
        },
        "workflow_id": {
          "name": "workflow_id",
          "type": "varchar",
          "primaryKey": false,
          "notNull": true
        },
        "state": {
          "name": "state",
          "type": "text",
          "primaryKey": false,
          "notNull": true,
          "default": "'pending'"
        },
        "current_step_id": {
          "name": "current_step_id",
          "type": "varchar",
          "primaryKey": false,
          "notNull": false
        },
        "started_at": {
          "name": "started_at",
          "type": "timestamp",
          "primaryKey": false,
          "notNull": false,
          "default": "now()"
        },
        "ended_at": {
          "name": "ended_at",
          "type": "timestamp",
          "primaryKey": false,
          "notNull": false
        }
      },
      "indexes": {},
      "foreignKeys": {},
      "compositePrimaryKeys": {},
      "uniqueConstraints": {},
      "policies": {},
      "checkConstraints": {},
      "isRLSEnabled": false
    },
    "public.workflow_steps": {
      "name": "workflow_steps",
      "schema": "",
      "columns": {
        "step_id": {
          "name": "step_id",
          "type": "varchar",
          "primaryKey": true,
          "notNull": true,
          "default": "gen_random_uuid()"
        },
        "council_id": {
          "name": "council_id",
          "type": "varchar",
          "primaryKey": false,
          "notNull": true
        },
        "workflow_id": {
          "name": "workflow_id",
          "type": "varchar",
          "primaryKey": false,
          "notNull": true
        },
        "name": {
          "name": "name",
          "type": "text",
          "primaryKey": false,
          "notNull": true
        },
        "order_no": {
          "name": "order_no",
          "type": "integer",
          "primaryKey": false,
          "notNull": true
        },
        "assignee_role": {
          "name": "assignee_role",
          "type": "text",
          "primaryKey": false,
          "notNull": false
        },
        "sla_rule": {
          "name": "sla_rule",
          "type": "text",
          "primaryKey": false,
          "notNull": false
        }
      },
      "indexes": {},
      "foreignKeys": {},
      "compositePrimaryKeys": {},
      "uniqueConstraints": {},
      "policies": {},
      "checkConstraints": {},
      "isRLSEnabled": false
    }
  },
  "enums": {},
  "schemas": {},
  "sequences": {},
  "roles": {},
  "policies": {},
  "views": {},
  "_meta": {
    "columns": {},
    "schemas": {},
    "tables": {}
  }
}