[
  {
    "column_name": "rateable_value",
    "data_type": "numeric"
  },
  {
    "column_name": "created_at",
    "data_type": "timestamp without time zone"
  },
  {
    "column_name": "parcel_id",
    "data_type": "text"
  },
  {
    "column_name": "section",
    "data_type": "text"
  },
  {
    "column_name": "lot",
    "data_type": "text"
  },
  {
    "column_name": "allotment",
    "data_type": "text"
  },
  {
    "column_name": "suburb",
    "data_type": "text"
  },
  {
    "column_name": "district",
    "data_type": "text"
  },
  {
    "column_name": "land_type",
    "data_type": "text"
  },
  {
    "column_name": "property_id",
    "data_type": "character varying"
  },
  {
    "column_name": "owner_name",
    "data_type": "text"
  },
  {
    "column_name": "owner_type",
    "data_type": "text"
  },
  {
    "column_name": "land_area",
    "data_type": "text"
  },
  {
    "column_name": "zoning",
    "data_type": "text"
  },
  {
    "column_name": "coordinates",
    "data_type": "text"
  },
  {
    "column_name": "status",
    "data_type": "text"
  },
  {
    "column_name": "title_number",
    "data_type": "text"
  },
  {
    "column_name": "council_id",
    "data_type": "character varying"
  }
]