[
  {
    "id": "8a6e1251-4755-44f4-8d67-503250f7e063",
    "serviceId": "a50465f6-c249-4fa2-a399-483bc005dbd1",
    "data": {
      "remarks": "The documents are not complete"
    }
  },
  {
    "id": "f89a1660-6f49-4b41-9b8e-72bf103f82fb",
    "serviceId": "a50465f6-c249-4fa2-a399-483bc005dbd1",
    "data": null
  },
  {
    "id": "cce4af46-d401-445f-a59e-d9371f0d9265",
    "serviceId": "a50465f6-c249-4fa2-a399-483bc005dbd1",
    "data": null
  },
  {
    "id": "d8622ca9-9b28-4548-a9be-fcf451fa25ab",
    "serviceId": "a50465f6-c249-4fa2-a399-483bc005dbd1",
    "data": {}
  },
  {
    "id": "48967986-6b8b-430f-960f-056a7620b906",
    "serviceId": "a50465f6-c249-4fa2-a399-483bc005dbd1",
    "data": {
      "remarks": "Upload all relevant documents"
    }
  },
  {
    "id": "6de2cc90-d67b-413f-a4a0-df644e74d00b",
    "serviceId": "a50465f6-c249-4fa2-a399-483bc005dbd1",
    "data": {}
  },
  {
    "id": "2263b419-d125-4e00-ad7e-18b365b3af8e",
    "serviceId": "a50465f6-c249-4fa2-a399-483bc005dbd1",
    "data": null
  },
  {
    "id": "a3308191-165c-4487-8036-25c2316b08d7",
    "serviceId": "cea92864-045e-4734-9373-e420af8682ae",
    "data": null
  },
  {
    "id": "c206729f-0afa-4157-88d6-9c90ff876107",
    "serviceId": "a50465f6-c249-4fa2-a399-483bc005dbd1",
    "data": {}
  },
  {
    "id": "cd0419e9-5560-4105-ac03-f933a22063b9",
    "serviceId": "a50465f6-c249-4fa2-a399-483bc005dbd1",
    "data": {}
  },
  {
    "id": "163cf2e6-8653-4d88-8daa-67c8c7bf20fd",
    "serviceId": "a50465f6-c249-4fa2-a399-483bc005dbd1",
    "data": {}
  },
  {
    "id": "5b2364db-ca28-4f8b-a64b-a960c7131e8f",
    "serviceId": "a50465f6-c249-4fa2-a399-483bc005dbd1",
    "data": {}
  }
]