{
  "knownAs": "Lamana GC",
  "clubName": "Lamana",
  "attachments": {
    "namesList": {},
    "resolution": {},
    "constitution": {}
  },
  "tradingHours": {
    "to": "04:00",
    "from": "19:00"
  },
  "applicantName": "Simon Wong",
  "officeUseOnly": {
    "licenseProcessing": {
      "date": "",
      "licenseNo": "",
      "meetingNo": "",
      "licenseFee": "",
      "dateOfPayment": "",
      "officialRecNo": "",
      "approvedRejected": "Approved"
    },
    "applicationProcessing": {
      "adminFee": "",
      "dateOfPayment": "",
      "officialRecNo": ""
    }
  },
  "numberOfMembers": 170,
  "premisesSituatedAt": "Waigani Close"
}