[
  {
    "serviceId": "add0fd87-59af-4466-a220-c1e9af227be1",
    "councilId": "3c4d4a9f-92a7-4dd2-82fb-ceff90c57094",
    "code": "LIC-TRADING",
    "name": "Trading Licence",
    "category": "licensing",
    "description": "General trading licence for businesses operating within the city",
    "requiresInspection": true,
    "requiresApproval": true,
    "active": true,
    "createdAt": "2026-01-19T04:04:14.540Z"
  },
  {
    "serviceId": "b6a987de-31c6-4013-a4cf-4d47e105a132",
    "councilId": "3c4d4a9f-92a7-4dd2-82fb-ceff90c57094",
    "code": "LIC-LIQUOR",
    "name": "Liquor Licence",
    "category": "licensing",
    "description": "Licence to sell or serve alcohol",
    "requiresInspection": true,
    "requiresApproval": true,
    "active": true,
    "createdAt": "2026-01-19T04:04:14.546Z"
  },
  {
    "serviceId": "71fe0b01-d2f8-4897-9dab-36b4fc396193",
    "councilId": "3c4d4a9f-92a7-4dd2-82fb-ceff90c57094",
    "code": "COMP-GENERAL",
    "name": "General Complaint",
    "category": "complaints",
    "description": "Lodge a general complaint",
    "requiresInspection": false,
    "requiresApproval": false,
    "active": true,
    "createdAt": "2026-01-19T04:04:14.546Z"
  },
  {
    "serviceId": "41dee462-2357-49c0-8ded-a87cf3eb69b5",
    "councilId": "3c4d4a9f-92a7-4dd2-82fb-ceff90c57094",
    "code": "LIC-SIGNAGE",
    "name": "Signage Permit",
    "category": "Business",
    "description": "Permit for advertising signage",
    "requiresInspection": false,
    "requiresApproval": true,
    "active": true,
    "createdAt": "2026-01-19T04:04:14.546Z"
  },
  {
    "serviceId": "cea92864-045e-4734-9373-e420af8682ae",
    "councilId": "3c4d4a9f-92a7-4dd2-82fb-ceff0d9880e3",
    "code": "LIC-TRADING",
    "name": "Trading Licence",
    "category": "licensing",
    "description": "General trading licence for businesses operating within the city",
    "requiresInspection": true,
    "requiresApproval": true,
    "active": true,
    "createdAt": "2026-01-23T04:11:52.394Z"
  },
  {
    "serviceId": "7da398b7-41b8-4d01-b662-d977a9c7a3f0",
    "councilId": "3c4d4a9f-92a7-4dd2-82fb-ceff0d9880e3",
    "code": "LIC-LIQUOR",
    "name": "Liquor Licence",
    "category": "licensing",
    "description": "Licence to sell or serve alcohol",
    "requiresInspection": true,
    "requiresApproval": true,
    "active": true,
    "createdAt": "2026-01-23T04:11:52.457Z"
  },
  {
    "serviceId": "adf0503a-b549-44b2-b2ad-6bc132f7e868",
    "councilId": "3c4d4a9f-92a7-4dd2-82fb-ceff0d9880e3",
    "code": "COMP-GENERAL",
    "name": "General Complaint",
    "category": "complaints",
    "description": "Lodge a general complaint",
    "requiresInspection": false,
    "requiresApproval": false,
    "active": true,
    "createdAt": "2026-01-23T04:11:52.467Z"
  },
  {
    "serviceId": "2450739e-72be-4186-a319-e2ff972357e2",
    "councilId": "3c4d4a9f-92a7-4dd2-82fb-ceff0d9880e3",
    "code": "LIC-SIGNAGE",
    "name": "Signage Permit",
    "category": "Business",
    "description": "Permit for advertising signage",
    "requiresInspection": false,
    "requiresApproval": true,
    "active": true,
    "createdAt": "2026-01-23T04:11:52.477Z"
  }
]